filename,contract_type,split
2ThemartComInc_19990826_10-12G_EX-10.10_6700288_EX-10.10_Co-Branding Agreement_ Agency Agreement.txt,Agency Agreement,dev
ABILITYINC_06_15_2020-EX-4.25-SERVICES AGREEMENT.txt,Services Agreement,dev
ACCELERATEDTECHNOLOGIESHOLDINGCORP_04_24_2003-EX-10.13-JOINT VENTURE AGREEMENT.txt,Joint Venture Agreement,dev
ACCURAYINC_09_01_2010-EX-10.31-DISTRIBUTOR AGREEMENT.txt,Distributor Agreement,dev
ADAMSGOLFINC_03_21_2005-EX-10.17-ENDORSEMENT AGREEMENT.txt,Endorsement Agreement,dev
ADAPTIMMUNETHERAPEUTICSPLC_04_06_2017-EX-10.11-STRATEGIC ALLIANCE AGREEMENT.txt,Strategic Alliance Agreement,dev
"ADIANUTRITION,INC_04_01_2005-EX-10.D2-RESELLER AGREEMENT.txt",Reseller Agreement,dev
"ADMA BioManufacturing, LLC -  Amendment #3 to Manufacturing Agreement .txt",Other,dev
"ADUROBIOTECH,INC_06_02_2020-EX-10.7-CONSULTING AGREEMENT(1).txt",Other,dev
"ADUROBIOTECH,INC_06_02_2020-EX-10.7-CONSULTING AGREEMENT.txt",Consulting Agreement,dev
AFSALABANCORPINC_08_01_1996-EX-1.1-AGENCY AGREEMENT.txt,Agency Agreement,dev
AIRSPANNETWORKSINC_04_11_2000-EX-10.5-Distributor Agreement.txt,Distributor Agreement,holdout
AIRTECHINTERNATIONALGROUPINC_05_08_2000-EX-10.4-FRANCHISE AGREEMENT.txt,Franchise Agreement,holdout
ALAMOGORDOFINANCIALCORP_12_16_1999-EX-1-AGENCY AGREEMENT.txt,Agency Agreement,dev
ALCOSTORESINC_12_14_2005-EX-10.26-AGENCY AGREEMENT.txt,Agency Agreement,dev
ALLIANCEBANCORPINCOFPENNSYLVANIA_10_18_2006-EX-1.2-AGENCY AGREEMENT.txt,Agency Agreement,dev
ALLISONTRANSMISSIONHOLDINGSINC_12_15_2014-EX-99.1-COOPERATION AGREEMENT.txt,Cooperation Agreement,dev
AMBASSADOREYEWEARGROUPINC_11_17_1997-EX-10.28-ENDORSEMENT AGREEMENT.txt,Endorsement Agreement,holdout
AMERICANPHYSICIANSCAPITALINC_03_31_2003-EX-10.26-AGENCY AGREEMENT.txt,Agency Agreement,holdout
AMERICASSHOPPINGMALLINC_12_10_1999-EX-10.2-SITE DEVELOPMENT AND HOSTING AGREEMENT.txt,Other,dev
ANIXABIOSCIENCESINC_06_09_2020-EX-10.1-COLLABORATION AGREEMENT.txt,Collaboration Agreement,dev
"ARMSTRONGFLOORING,INC_01_07_2019-EX-10.2-INTELLECTUAL PROPERTY AGREEMENT.txt",Intellectual Property Agreement,dev
"ASHWORTHINC_01_29_1999-EX-10.(D)-PROMOTION AGREEMENT AND NANTZ COMMUNICATIONS, INC..txt",Other,holdout
ASIANDRAGONGROUPINC_08_11_2005-EX-10.5-Reseller Agreement.txt,Reseller Agreement,holdout
ASPIRITYHOLDINGSLLC_05_07_2012-EX-10.6-OUTSOURCING AGREEMENT.txt,Outsourcing Agreement,dev
ATENTOSA_07_06_2020-EX-99.1-JOINT FILING AGREEMENT.txt,Joint Filing Agreement,dev
"ATHENSBANCSHARESCORP_11_02_2009-EX-1.2-AGENCY AGREEMENT , 2009.txt",Other,dev
ATMOSENERGYCORP_11_22_2002-EX-10.17-TRANSPORTATION SERVICE AGREEMENT.txt,Other,holdout
AULAMERICANUNITTRUST_04_24_2020-EX-99.8.77-SERVICING AGREEMENT.txt,Servicing Agreement,holdout
AURASYSTEMSINC_06_16_2010-EX-10.25-STRATEGIC ALLIANCE AGREEMENT.txt,Strategic Alliance Agreement,dev
AgapeAtpCorp_20191202_10-KA_EX-10.1_11911128_EX-10.1_Supply Agreement.txt,Supply Agreement,dev
AimmuneTherapeuticsInc_20200205_8-K_EX-10.3_11967170_EX-10.3_Development Agreement.txt,Development Agreement,dev
AlliedEsportsEntertainmentInc_20190815_8-K_EX-10.19_11788293_EX-10.19_Content License Agreement.txt,Content License Agreement,holdout
AlliedEsportsEntertainmentInc_20190815_8-K_EX-10.34_11788308_EX-10.34_Sponsorship Agreement.txt,Sponsorship Agreement,dev
"Antares Pharma, Inc. - Manufacturing Agreement.txt",Manufacturing Agreement,dev
Apollo Endosurgery - Manufacturing and Supply Agreement.txt,Manufacturing And Supply Agreement,dev
ArcGroupInc_20171211_8-K_EX-10.1_10976103_EX-10.1_Sponsorship Agreement.txt,Sponsorship Agreement,holdout
ArcaUsTreasuryFund_20200207_N-2_EX-99.K5_11971930_EX-99.K5_Development Agreement.txt,Development Agreement,dev
ArconicRolledProductsCorp_20191217_10-12B_EX-2.7_11923804_EX-2.7_Trademark License Agreement.txt,Trademark License Agreement,dev
ArmstrongFlooringInc_20190107_8-K_EX-10.2_11471795_EX-10.2_Intellectual Property Agreement.txt,Intellectual Property Agreement,holdout
"Array BioPharma Inc. - LICENSE, DEVELOPMENT AND COMMERCIALIZATION AGREEMENT.txt",Other,dev
ArtaraTherapeuticsInc_20200110_8-K_EX-10.5_11943350_EX-10.5_License Agreement.txt,License Agreement,holdout
AtnInternationalInc_20191108_10-Q_EX-10.1_11878541_EX-10.1_Maintenance Agreement.txt,Maintenance Agreement,dev
AudibleInc_20001113_10-Q_EX-10.32_2599586_EX-10.32_Co-Branding Agreement_ Marketing Agreement_ Investment Distribution Agreement.txt,Other,dev
AzulSa_20170303_F-1A_EX-10.3_9943903_EX-10.3_Maintenance Agreement1.txt,Maintenance Agreement1,dev
AzulSa_20170303_F-1A_EX-10.3_9943903_EX-10.3_Maintenance Agreement2.txt,Maintenance Agreement2,dev
"BABCOCK_WILCOXENTERPRISES,INC_08_04_2015-EX-10.17-INTELLECTUAL PROPERTY AGREEMENT between THE BABCOCK _ WILCOX COMPANY and BABCOCK _ WILCOX ENTERPRISES, INC..txt",Other,dev
BANGIINC_05_25_2005-EX-10-Premium Managed Hosting Agreement.txt,Other,dev
BANUESTRAFINANCIALCORP_09_08_2006-EX-10.16-AGENCY AGREEMENT.txt,Agency Agreement,dev
"BELLICUMPHARMACEUTICALS,INC_05_07_2019-EX-10.1-Supply Agreement.txt",Supply Agreement,dev
"BELLRINGBRANDS,INC_02_07_2020-EX-10.18-MASTER SUPPLY AGREEMENT.txt",Other,holdout
"BERKELEYLIGHTS,INC_06_26_2020-EX-10.12-COLLABORATION AGREEMENT.txt",Collaboration Agreement,holdout
BEYONDCOMCORP_08_03_2000-EX-10.2-CO-HOSTING AGREEMENT.txt,Other,dev
BICYCLETHERAPEUTICSPLC_03_10_2020-EX-10.11-SERVICE AGREEMENT.txt,Service Agreement,holdout
BIOAMBERINC_04_10_2013-EX-10.34-DEVELOPMENT AGREEMENT (1).txt,Other,dev
BIOAMBERINC_04_10_2013-EX-10.34-DEVELOPMENT AGREEMENT - First Amendment.txt,Other,dev
BIOCEPTINC_08_19_2013-EX-10-COLLABORATION AGREEMENT.txt,Collaboration Agreement,dev
BIOFRONTERAAG_04_29_2019-EX-4.17-SUPPLY AGREEMENT.txt,Supply Agreement,dev
BIOPURECORP_06_30_1999-EX-10.13-AGENCY AGREEMENT.txt,Agency Agreement,dev
BLACKBOXSTOCKSINC_08_05_2014-EX-10.1-DISTRIBUTOR AGREEMENT.txt,Distributor Agreement,holdout
BLACKROCKMUNIHOLDINGSINVESTMENTQUALITYFUND_04_07_2020-EX-99.01-JOINT FILING AGREEMENT.txt,Joint Filing Agreement,dev
BLACKSTONEGSOLONG-SHORTCREDITINCOMEFUND_05_11_2020-EX-99.(K)(1)-SERVICE AGREEMENT.txt,Service Agreement,holdout
BLUEFLYINC_03_27_2002-EX-10.27-e-business Hosting Agreement.txt,Other,dev
"BLUEHILLSBANCORP,INC_05_20_2014-EX-1.1-AGENCY AGREEMENT.txt",Agency Agreement,holdout
"BLUEROCKRESIDENTIALGROWTHREIT,INC_06_01_2016-EX-1.1-AGENCY AGREEMENT.txt",Agency Agreement,dev
BNCMORTGAGEINC_05_17_1999-EX-10.4-LICENSING AND WEB SITE HOSTING AGREEMENT.txt,Other,dev
BNLFINANCIALCORP_03_30_2007-EX-10.8-OUTSOURCING AGREEMENT.txt,Outsourcing Agreement,holdout
BOLIVARMININGCORP_05_23_2003-EX-2.1-VISP WEB SITE BUILDING AND HOSTING AGREEMENT.txt,Other,dev
BONTONSTORESINC_04_20_2018-EX-99.3-AGENCY AGREEMENT.txt,Agency Agreement,holdout
"BORROWMONEYCOM,INC_06_11_2020-EX-10.1-JOINT VENTURE AGREEMENT.txt",Joint Venture Agreement,dev
BUFFALOWILDWINGSINC_06_05_1998-EX-10.3-FRANCHISE AGREEMENT.txt,Franchise Agreement,dev
BellringBrandsInc_20190920_S-1_EX-10.12_11817081_EX-10.12_Manufacturing Agreement1.txt,Other,holdout
BellringBrandsInc_20190920_S-1_EX-10.12_11817081_EX-10.12_Manufacturing Agreement2.txt,Other,holdout
BellringBrandsInc_20190920_S-1_EX-10.12_11817081_EX-10.12_Manufacturing Agreement3.txt,Other,dev
BellringBrandsInc_20190920_S-1_EX-10.12_11817081_EX-10.12_Manufacturing Agreement4.txt,Other,dev
BerkshireHillsBancorpInc_20120809_10-Q_EX-10.16_7708169_EX-10.16_Endorsement Agreement.txt,Endorsement Agreement,dev
BizzingoInc_20120322_8-K_EX-10.17_7504499_EX-10.17_Endorsement Agreement.txt,Endorsement Agreement,holdout
BloomEnergyCorp_20180321_DRSA (on S-1)_EX-10_11240356_EX-10_Maintenance Agreement.txt,Maintenance Agreement,dev
BravatekSolutionsInc_20170418_8-K_EX-10.1_10205739_EX-10.1_Reseller Agreement.txt,Reseller Agreement,holdout
"CANOPETROLEUM,INC_12_13_2007-EX-10.1-Sponsorship Agreement.txt",Sponsorship Agreement,dev
"CARDAX,INC_08_19_2014-EX-10.1-COLLABORATION AGREEMENT.txt",Collaboration Agreement,dev
CCAINDUSTRIESINC_04_14_2014-EX-10.1-OUTSOURCING AGREEMENT.txt,Outsourcing Agreement,holdout
CENTRACKINTERNATIONALINC_10_29_1999-EX-10.3-WEB SITE HOSTING AGREEMENT.txt,Other,dev
"CERES,INC_01_25_2012-EX-10.20-Collaboration Agreement.txt",Collaboration Agreement,dev
CHANGEPOINTCORP_03_08_2000-EX-10.6-LICENSE AND HOSTING AGREEMENT.txt,License And Hosting Agreement,holdout
CHAPARRALRESOURCESINC_03_30_2000-EX-10.66-TRANSPORTATION CONTRACT.txt,Transportation Contract,holdout
CHEETAHMOBILEINC_04_22_2014-EX-10.43-Cooperation Agreement.txt,Cooperation Agreement,dev
CHERRYHILLMORTGAGEINVESTMENTCORP_09_26_2013-EX-10.1-Strategic Alliance Agreement.txt,Strategic Alliance Agreement,dev
CHINARECYCLINGENERGYCORP_11_14_2013-EX-10.6-Cooperation Agreement.txt,Cooperation Agreement,holdout
CHIPMOSTECHNOLOGIESBERMUDALTD_04_18_2016-EX-4.72-Strategic Alliance Agreement.txt,Strategic Alliance Agreement,holdout
"COOLTECHNOLOGIES,INC_10_25_2017-EX-10.71-Strategic Alliance Agreement.txt",Strategic Alliance Agreement,dev
"CORALGOLDRESOURCES,LTD_05_28_2020-EX-4.1-CONSULTING AGREEMENT.txt",Consulting Agreement,dev
CORIOINC_07_20_2000-EX-10.5-LICENSE AND HOSTING AGREEMENT.txt,License And Hosting Agreement,dev
"CURAEGISTECHNOLOGIES,INC_05_26_2010-EX-1-CORPORATE SPONSORSHIP AGREEMENT.txt",Other,dev
CUROGROUPHOLDINGSCORP_05_04_2020-EX-10.3-SERVICING AGREEMENT.txt,Servicing Agreement,dev
CYBERIANOUTPOSTINC_07_09_1998-EX-10.13-PROMOTION AGREEMENT.txt,Promotion Agreement,dev
CardlyticsInc_20180112_S-1_EX-10.16_11002987_EX-10.16_Maintenance Agreement1.txt,Maintenance Agreement1,dev
CardlyticsInc_20180112_S-1_EX-10.16_11002987_EX-10.16_Maintenance Agreement2.txt,Maintenance Agreement2,dev
CardlyticsInc_20180112_S-1_EX-10.16_11002987_EX-10.16_Maintenance Agreement3.txt,Other,dev
CardlyticsInc_20180112_S-1_EX-10.16_11002987_EX-10.16_Maintenance Agreement4.txt,Other,dev
CcRealEstateIncomeFundadv_20181205_POS 8C_EX-99.(H)(3)_11447739_EX-99.(H)(3)_Marketing Agreement.txt,Marketing Agreement,dev
CerenceInc_20191002_8-K_EX-10.4_11827494_EX-10.4_Intellectual Property Agreement.txt,Intellectual Property Agreement,dev
Cerus Corporation - FIRST AMEND TO SUPPLY AND MANUFACTURING AGREEMENT.txt,Other,dev
ChinaRealEstateInformationCorp_20090929_F-1_EX-10.32_4771615_EX-10.32_Content License Agreement.txt,Content License Agreement,holdout
ClickstreamCorp_20200330_1-A_EX1A-6 MAT CTRCT_12089935_EX1A-6 MAT CTRCT_Development Agreement.txt,Development Agreement,dev
CnsPharmaceuticalsInc_20200326_8-K_EX-10.1_12079626_EX-10.1_Development Agreement.txt,Development Agreement,dev
CoherusBiosciencesInc_20200227_10-K_EX-10.29_12021376_EX-10.29_Development Agreement.txt,Development Agreement,holdout
"Columbia Laboratories, (Bermuda) Ltd. - AMEND NO. 2 TO MANUFACTURING AND SUPPLY AGREEMENT.txt",Other,dev
ConformisInc_20191101_10-Q_EX-10.6_11861402_EX-10.6_Development Agreement.txt,Development Agreement,dev
CreditcardscomInc_20070810_S-1_EX-10.33_362297_EX-10.33_Affiliate Agreement.txt,Affiliate Agreement,dev
CybergyHoldingsInc_20140520_10-Q_EX-10.27_8605784_EX-10.27_Affiliate Agreement.txt,Affiliate Agreement,holdout
CytodynInc_20200109_10-Q_EX-10.5_11941634_EX-10.5_License Agreement.txt,License Agreement,dev
DIVERSINETCORP_03_01_2012-EX-4-RESELLER AGREEMENT.txt,Reseller Agreement,dev
DOMINIADVISORTRUST_02_18_2005-EX-99.(H)(2)-SPONSORSHIP AGREEMENT.txt,Sponsorship Agreement,dev
DRAGONSYSTEMSINC_01_08_1999-EX-10.17-OUTSOURCING AGREEMENT.txt,Outsourcing Agreement,holdout
"DRIVENDELIVERIES,INC_05_22_2020-EX-10.4-CONSULTING AGREEMENT.txt",Consulting Agreement,dev
DRKOOPCOMINC_04_21_1999-EX-10.28-SPONSORSHIP AGREEMENT.txt,Sponsorship Agreement,dev
"DUOSTECHNOLOGIESGROUP,INC_04_21_2009-EX-10.1-STRATEGIC ALLIANCE AGREEMENT.txt",Strategic Alliance Agreement,dev
DYNAMEXINC_06_06_1996-EX-10.4-TRANSPORTATION SERVICES AGREEMENT.txt,Transportation Services Agreement,holdout
DYNTEKINC_07_30_1999-EX-10-ONLINE HOSTING AGREEMENT.txt,Other,dev
DataCallTechnologies_20060918_SB-2A_EX-10.9_944510_EX-10.9_Content License Agreement.txt,Content License Agreement,dev
DeltathreeInc_19991102_S-1A_EX-10.19_6227850_EX-10.19_Co-Branding Agreement_ Service Agreement.txt,Service Agreement,dev
DigitalCinemaDestinationsCorp_20111220_S-1_EX-10.10_7346719_EX-10.10_Affiliate Agreement.txt,Affiliate Agreement,dev
DovaPharmaceuticalsInc_20181108_10-Q_EX-10.2_11414857_EX-10.2_Promotion Agreement.txt,Promotion Agreement,holdout
ELANDIAINTERNATIONALINC_04_25_2007-EX-10.21-Outsourcing Agreement.txt,Outsourcing Agreement,dev
ELECTRAMECCANICA VEHICLES CORP. - Manufacturing Agreement.txt,Manufacturing Agreement,dev
"ELFBEAUTY,INC_07_02_2020-EX-10.1-COOPERATION AGREEMENT.txt",Cooperation Agreement,dev
EMERALDHEALTHTHERAPEUTICSINC_06_10_2020-EX-4.5-CONSULTING AGREEMENT - DR. GAETANO MORELLO N.D. INC..txt,Other,dev
ENERGOUSCORP_03_16_2017-EX-10.24-STRATEGIC ALLIANCE AGREEMENT.txt,Strategic Alliance Agreement,holdout
ENERGYXXILTD_05_08_2015-EX-10.13-Transportation AGREEMENT.txt,Transportation Agreement,holdout
ENTERPRISEPRODUCTSPARTNERSLP_07_08_1998-EX-10.3-TRANSPORTATION CONTRACT.txt,Transportation Contract,dev
ENTERTAINMENTGAMINGASIAINC_02_15_2005-EX-10.5-DISTRIBUTOR AGREEMENT.txt,Distributor Agreement,holdout
ENTRUSTINC_07_24_1998-EX-10.5-STRATEGIC ALLIANCE AGREEMENT.txt,Strategic Alliance Agreement,dev
"ETELOS,INC_03_09_2004-EX-10.8-DISTRIBUTOR AGREEMENT.txt",Distributor Agreement,dev
EUROPEANMICROHOLDINGSINC_03_06_1998-EX-10.6-DISTRIBUTOR AGREEMENT.txt,Distributor Agreement,dev
EbixInc_20010515_10-Q_EX-10.3_4049767_EX-10.3_Co-Branding Agreement.txt,Co-Branding Agreement,holdout
EcoScienceSolutionsInc_20171117_8-K_EX-10.1_10956472_EX-10.1_Endorsement Agreement.txt,Endorsement Agreement,holdout
EcoScienceSolutionsInc_20180406_8-K_EX-10.1_11135398_EX-10.1_Sponsorship Agreement.txt,Sponsorship Agreement,dev
EdietsComInc_20001030_10QSB_EX-10.4_2606646_EX-10.4_Co-Branding Agreement.txt,Co-Branding Agreement,dev
EhaveInc_20190515_20-F_EX-4.44_11678816_EX-4.44_License Agreement_ Reseller Agreement.txt,Reseller Agreement,dev
ElPolloLocoHoldingsInc_20200306_10-K_EX-10.16_12041700_EX-10.16_Development Agreement.txt,Development Agreement,dev
EmbarkComInc_19991008_S-1A_EX-10.10_6487661_EX-10.10_Co-Branding Agreement.txt,Co-Branding Agreement,holdout
EmeraldHealthBioceuticalsInc_20200218_1-A_EX1A-6 MAT CTRCT_11987205_EX1A-6 MAT CTRCT_Development Agreement.txt,Development Agreement,dev
EmmisCommunicationsCorp_20191125_8-K_EX-10.6_11906433_EX-10.6_Marketing Agreement.txt,Marketing Agreement,dev
EtonPharmaceuticalsInc_20191114_10-Q_EX-10.1_11893941_EX-10.1_Development Agreement.txt,Development Agreement,holdout
EuromediaHoldingsCorp_20070215_10SB12G_EX-10.B(01)_525118_EX-10.B(01)_Content License Agreement.txt,Content License Agreement,dev
ExactSciencesCorp_20180822_8-K_EX-10.1_11331629_EX-10.1_Promotion Agreement.txt,Promotion Agreement,dev
FEDERATEDGOVERNMENTINCOMESECURITIESINC_04_28_2020-EX-99.SERV AGREE-SERVICES AGREEMENT.txt,Services Agreement,dev
FEDERATEDGOVERNMENTINCOMESECURITIESINC_04_28_2020-EX-99.SERV AGREE-SERVICES AGREEMENT_AMENDMENT.txt,Amendment,dev
FEDERATEDGOVERNMENTINCOMESECURITIESINC_04_28_2020-EX-99.SERV AGREE-SERVICES AGREEMENT_POWEROF.txt,Other,dev
FEDERATEDGOVERNMENTINCOMESECURITIESINC_04_28_2020-EX-99.SERV AGREE-SERVICES AGREEMENT_SECONDAMENDMENT.txt,Other,holdout
FIBROGENINC_10_01_2014-EX-10.11-COLLABORATION AGREEMENT.txt,Collaboration Agreement,holdout
"FIDELITYNATIONALINFORMATIONSERVICES,INC_08_05_2009-EX-10.3-INTELLECTUAL PROPERTY AGREEMENT.txt",Intellectual Property Agreement,dev
FLOTEKINDUSTRIESINCCN_05_09_2019-EX-10.1-SUPPLY AGREEMENT.txt,Supply Agreement,holdout
"FOUNDATIONMEDICINE,INC_02_02_2015-EX-10.2-Collaboration Agreement.txt",Collaboration Agreement,dev
"FTENETWORKS,INC_02_18_2016-EX-99.4-STRATEGIC ALLIANCE AGREEMENT.txt",Strategic Alliance Agreement,dev
FUSIONPHARMACEUTICALSINC_06_05_2020-EX-10.17-Supply Agreement - FUSION.txt,Other,holdout
FerroglobePlc_20150624_F-4A_EX-10.20_9154746_EX-10.20_Outsourcing Agreement.txt,Outsourcing Agreement,dev
Freecook_20180605_S-1_EX-10.3_11233807_EX-10.3_Hosting Agreement.txt,Hosting Agreement,dev
FreezeTagInc_20180411_8-K_EX-10.1_11139603_EX-10.1_Sponsorship Agreement.txt,Sponsorship Agreement,holdout
FuelcellEnergyInc_20191106_8-K_EX-10.1_11868007_EX-10.1_Development Agreement.txt,Development Agreement,holdout
FulucaiProductionsLtd_20131223_10-Q_EX-10.9_8368347_EX-10.9_Content License Agreement.txt,Content License Agreement,holdout
FuseMedicalInc_20190321_10-K_EX-10.43_11575454_EX-10.43_Distributor Agreement.txt,Distributor Agreement,dev
GAINSCOINC_01_21_2010-EX-10.41-SPONSORSHIP AGREEMENT.txt,Sponsorship Agreement,dev
GALACTICOMMTECHNOLOGIESINC_11_07_1997-EX-10.46-WEB HOSTING AGREEMENT.txt,Other,holdout
"GALERATHERAPEUTICS,INC_02_14_2020-EX-99.A-JOINT FILING AGREEMENT.txt",Joint Filing Agreement,dev
"GIGGLESN_HUGS,INC_06_23_2016-EX-10.2-STRATEGIC ALLIANCE AGREEMENT.txt",Strategic Alliance Agreement,dev
GLOBALTECHNOLOGIESLTD_06_08_2020-EX-10.16-CONSULTING AGREEMENT.txt,Consulting Agreement,dev
GOCALLINC_03_30_2000-EX-10.7-Promotion Agreement.txt,Promotion Agreement,dev
GOLDRESOURCECORP_12_11_2008-EX-10.1-STRATEGIC ALLIANCE AGREEMENT.txt,Strategic Alliance Agreement,dev
"GOOSEHEADINSURANCE,INC_04_02_2018-EX-10.6-Franchise Agreement.txt",Franchise Agreement,holdout
GRANTIERRAENERGYINC_05_07_2012-EX-10.6-TRANSPORTATION CONTRACT.txt,Transportation Contract,dev
"GRIDIRONBIONUTRIENTS,INC_02_05_2020-EX-10.3-SUPPLY AGREEMENT.txt",Supply Agreement,dev
"GSITECHNOLOGYINC_11_16_2009-EX-10.2-INTELLECTUAL PROPERTY AGREEMENT between SONY ELECTRONICS INC. and GSI TECHNOLOGY, INC..txt",Other,dev
GSVINC_05_15_1998-EX-10-SPONSORSHIP AGREEMENT.txt,Sponsorship Agreement,holdout
GULFSOUTHMEDICALSUPPLYINC_12_24_1997-EX-4-AFFILIATE AGREEMENT.txt,Affiliate Agreement,dev
"GWG HOLDINGS, INC. - ORDERLY MARKETING AGREEMENT.txt",Other,holdout
GarrettMotionInc_20181001_8-K_EX-2.4_11364532_EX-2.4_Intellectual Property Agreement.txt,Intellectual Property Agreement,dev
GentechHoldingsInc_20190808_1-A_EX1A-6 MAT CTRCT_11776814_EX1A-6 MAT CTRCT_Distributor Agreement.txt,Distributor Agreement,holdout
GlobalTechnologiesGroupInc_20050928_10KSB_EX-10.9_4148808_EX-10.9_Content License Agreement.txt,Content License Agreement,dev
GluMobileInc_20070319_S-1A_EX-10.09_436630_EX-10.09_Content License Agreement1.txt,Content License Agreement1,dev
GluMobileInc_20070319_S-1A_EX-10.09_436630_EX-10.09_Content License Agreement2.txt,Content License Agreement2,holdout
GluMobileInc_20070319_S-1A_EX-10.09_436630_EX-10.09_Content License Agreement3.txt,Other,holdout
GluMobileInc_20070319_S-1A_EX-10.09_436630_EX-10.09_Content License Agreement4.txt,Other,dev
GopageCorp_20140221_10-K_EX-10.1_8432966_EX-10.1_Content License Agreement.txt,Content License Agreement,dev
GpaqAcquisitionHoldingsInc_20200123_S-4A_EX-10.6_11951677_EX-10.6_License Agreement.txt,License Agreement,dev
GpaqAcquisitionHoldingsInc_20200123_S-4A_EX-10.8_11951679_EX-10.8_Service Agreement.txt,Service Agreement,holdout
GridironBionutrientsInc_20171206_8-K_EX-10.1_10972555_EX-10.1_Endorsement Agreement.txt,Endorsement Agreement,dev
GridironBionutrientsInc_20171206_8-K_EX-10.2_10972556_EX-10.2_Endorsement Agreement.txt,Endorsement Agreement,holdout
"HALITRON,INC_03_01_2005-EX-10.15-SPONSORSHIP AND DEVELOPMENT AGREEMENT.txt",Other,holdout
"HC2HOLDINGS,INC_05_14_2020-EX-10.1-COOPERATION AGREEMENT.txt",Cooperation Agreement,holdout
HEALTHGATEDATACORP_11_24_1999-EX-10.1-HOSTING AND MANAGEMENT AGREEMENT (1).txt,Other,holdout
HEALTHGATEDATACORP_11_24_1999-EX-10.1-HOSTING AND MANAGEMENT AGREEMENT - Escrow Agreement.txt,Other,holdout
"HEMISPHERX - Sales, Marketing, Distribution, and Supply Agreement.txt",Other,dev
"HERTZGLOBALHOLDINGS,INC_07_07_2016-EX-10.4-INTELLECTUAL PROPERTY AGREEMENT.txt",Intellectual Property Agreement,dev
HOLIDAYRVSUPERSTORESINC_04_15_2002-EX-10.13-ENDORSEMENT AGREEMENT.txt,Endorsement Agreement,dev
"HOSPITALITYINVESTORSTRUST,INC_04_07_2014-EX-10.26-FRANCHISE AGREEMENT.txt",Franchise Agreement,dev
HPILHOLDING_01_07_2015-EX-99.1-COOPERATION AGREEMENT.txt,Cooperation Agreement,dev
HUBEIMINKANGPHARMACEUTICALLTD_09_19_2006-EX-10.1-OUTSOURCING AGREEMENT.txt,Outsourcing Agreement,dev
HYDRONTECHNOLOGIESINC_03_31_1997-EX-10.47-SPONSORSHIP AGREEMENT.txt,Sponsorship Agreement,dev
HYPERIONSOFTWARECORP_09_28_1994-EX-10.47-EXCLUSIVE DISTRIBUTOR AGREEMENT.txt,Other,dev
HarpoonTherapeuticsInc_20200312_10-K_EX-10.18_12051356_EX-10.18_Development Agreement.txt,Development Agreement,holdout
HealthcareIntegratedTechnologiesInc_20190812_8-K_EX-10.1_11776966_EX-10.1_Reseller Agreement.txt,Reseller Agreement,dev
HealthcentralCom_19991108_S-1A_EX-10.27_6623292_EX-10.27_Co-Branding Agreement.txt,Co-Branding Agreement,holdout
HerImports_20161018_8-KA_EX-10.14_9765707_EX-10.14_Maintenance Agreement.txt,Maintenance Agreement,holdout
HertzGroupRealtyTrustInc_20190920_S-11A_EX-10.8_11816941_EX-10.8_Trademark License Agreement.txt,Trademark License Agreement,holdout
HfEnterprisesInc_20191223_S-1_EX-10.22_11931299_EX-10.22_Development Agreement.txt,Development Agreement,dev
ICORECONNECTINC_10_13_2010-EX-7.1-Strategic Alliance Agreement.txt,Strategic Alliance Agreement,holdout
IDREAMSKYTECHNOLOGYLTD_07_03_2014-EX-10.39-Cooperation Agreement on Mobile Game Business.txt,Other,dev
IGENEBIOTECHNOLOGYINC_05_13_2003-EX-1-JOINT VENTURE AGREEMENT.txt,Joint Venture Agreement,holdout
IMAGEWARESYSTEMSINC_12_20_1999-EX-10.22-MAINTENANCE AGREEMENT.txt,Maintenance Agreement,dev
IMMUNOMEDICSINC_08_07_2019-EX-10.1-PROMOTION AGREEMENT.txt,Promotion Agreement,dev
IMPCOTECHNOLOGIESINC_04_15_2003-EX-10.65-JOINT VENTURE AGREEMENT.txt,Joint Venture Agreement,dev
INGEVITYCORP_05_16_2016-EX-10.5-INTELLECTUAL PROPERTY AGREEMENT.txt,Intellectual Property Agreement,dev
INKTOMICORP_06_08_1998-EX-10.14-SOFTWARE HOSTING AGREEMENT.txt,Other,holdout
"INNOVIVA,INC_08_07_2014-EX-10.1-COLLABORATION AGREEMENT.txt",Collaboration Agreement,dev
"INTELLIGENTHIGHWAYSOLUTIONS,INC_01_18_2018-EX-10.1-Strategic Alliance Agreement.txt",Strategic Alliance Agreement,holdout
INTERNATIONALFASTFOODCORP_04_04_1997-EX-99-FRANCHISE AGREEMENT.txt,Franchise Agreement,dev
"INTERSECTENT,INC_05_11_2020-EX-10.1-SUPPLY AGREEMENT.txt",Supply Agreement,dev
INTRICONCORP_03_10_2009-EX-10.22-Strategic Alliance Agreement.txt,Strategic Alliance Agreement,holdout
"IOVANCEBIOTHERAPEUTICS,INC_08_03_2017-EX-10.1-STRATEGIC ALLIANCE AGREEMENT.txt",Strategic Alliance Agreement,holdout
"IPAYMENT,INC_05_14_2007-EX-10.1-SPONSORSHIP AGREEMENT.txt",Sponsorship Agreement,dev
IVILLAGEINC_03_17_1999-EX-10.16-SPONSORSHIP AGREEMENT.txt,Sponsorship Agreement,dev
IbioInc_20200313_8-K_EX-10.1_12052678_EX-10.1_Development Agreement.txt,Development Agreement,holdout
IdeanomicsInc_20151124_8-K_EX-10.2_9354744_EX-10.2_Content License Agreement.txt,Content License Agreement,dev
IdeanomicsInc_20160330_10-K_EX-10.26_9512211_EX-10.26_Content License Agreement.txt,Content License Agreement,dev
ImineCorp_20180725_S-1_EX-10.5_11275970_EX-10.5_Distributor Agreement.txt,Distributor Agreement,dev
ImperialGardenResortInc_20161028_DRS (on F-1)_EX-10.13_9963189_EX-10.13_Outsourcing Agreement.txt,Outsourcing Agreement,dev
ImpresseCorp_20000322_S-1A_EX-10.11_5199234_EX-10.11_Co-Branding Agreement.txt,Co-Branding Agreement,holdout
InmodeLtd_20190729_F-1A_EX-10.9_11743243_EX-10.9_Manufacturing Agreement.txt,Manufacturing Agreement,holdout
InnerscopeHearingTechnologiesInc_20181109_8-K_EX-10.6_11419704_EX-10.6_Distributor Agreement.txt,Distributor Agreement,dev
IntegrityFunds_20200121_485BPOS_EX-99.E UNDR CONTR_11948727_EX-99.E UNDR CONTR_Service Agreement.txt,Service Agreement,dev
IntegrityMediaInc_20010329_10-K405_EX-10.17_2373875_EX-10.17_Co-Branding Agreement.txt,Co-Branding Agreement,dev
InvendaCorp_20000828_S-1A_EX-10.2_2588206_EX-10.2_Co-Branding Agreement.txt,Co-Branding Agreement,dev
IpassInc_20181203_8-K_EX-99.1_11445874_EX-99.1_Reseller Agreement.txt,Reseller Agreement,dev
JINGWEIINTERNATIONALLTD_10_04_2007-EX-10.7-INTELLECTUAL PROPERTY AGREEMENT.txt,Intellectual Property Agreement,holdout
JOINTCORP_09_19_2014-EX-10.15-FRANCHISE AGREEMENT.txt,Franchise Agreement,dev
KALLOINC_11_03_2011-EX-10.1-STRATEGIC ALLIANCE AGREEMENT.txt,Strategic Alliance Agreement,dev
KENTUCKYUTILITIESCO_03_25_2003-EX-10.65-TRANSPORTATION AGREEMENT.txt,Transportation Agreement,dev
KINGPHARMACEUTICALSINC_08_09_2006-EX-10.1-PROMOTION AGREEMENT.txt,Promotion Agreement,holdout
"KIROMICBIOPHARMA,INC_04_08_2020-EX-10.28-JOINT VENTURE AGREEMENT.txt",Joint Venture Agreement,holdout
"KIROMICBIOPHARMA,INC_05_11_2020-EX-10.23-CONSULTING AGREEMENT.txt",Consulting Agreement,holdout
"KNOWLABS,INC_08_15_2005-EX-10-INTELLECTUAL PROPERTY AGREEMENT.txt",Intellectual Property Agreement,dev
"KUBIENT,INC_07_02_2020-EX-10.14-MASTER SERVICES AGREEMENT_Part1.txt",Other,dev
"KUBIENT,INC_07_02_2020-EX-10.14-MASTER SERVICES AGREEMENT_Part2.txt",Other,dev
KitovPharmaLtd_20190326_20-F_EX-4.15_11584449_EX-4.15_Manufacturing Agreement.txt,Manufacturing Agreement,dev
"LEGACYTECHNOLOGYHOLDINGS,INC_12_09_2005-EX-10.2-DISTRIBUTOR AGREEMENT.txt",Distributor Agreement,dev
LEJUHOLDINGSLTD_03_12_2014-EX-10.34-INTERNET CHANNEL COOPERATION AGREEMENT.txt,Other,holdout
LIGHTBRIDGECORP_11_23_2015-EX-10.26-STRATEGIC ALLIANCE AGREEMENT.txt,Strategic Alliance Agreement,dev
LIMEENERGYCO_09_09_1999-EX-10-DISTRIBUTOR AGREEMENT.txt,Distributor Agreement,holdout
LOGANSROADHOUSEINC_03_27_1998-EX-10.17-SPONSORSHIP AGREEMENT.txt,Sponsorship Agreement,dev
LOOKSMARTLTD_07_20_2012-EX-99.(D)(I)-SPONSORSHIP AGREEMENT.txt,Sponsorship Agreement,dev
LOYALTYPOINTINC_11_16_2004-EX-10.2-RESELLER AGREEMENT.txt,Reseller Agreement,dev
LUCIDINC_04_15_2011-EX-10.9-DISTRIBUTOR AGREEMENT.txt,Distributor Agreement,dev
LeadersonlineInc_20000427_S-1A_EX-10.8_4991089_EX-10.8_Co-Branding Agreement.txt,Co-Branding Agreement,holdout
LegacyEducationAllianceInc_20141110_8-K_EX-10.9_8828866_EX-10.9_Endorsement Agreement.txt,Endorsement Agreement,dev
LegacyEducationAllianceInc_20200330_10-K_EX-10.18_12090678_EX-10.18_Development Agreement.txt,Development Agreement,dev
LejuHoldingsLtd_20140121_DRS (on F-1)_EX-10.26_8473102_EX-10.26_Content License Agreement1.txt,Content License Agreement1,dev
LejuHoldingsLtd_20140121_DRS (on F-1)_EX-10.26_8473102_EX-10.26_Content License Agreement2.txt,Content License Agreement2,dev
LifewayFoodsInc_20160316_10-K_EX-10.24_9489766_EX-10.24_Endorsement Agreement.txt,Endorsement Agreement,dev
LinkPlusCorp_20050802_8-K_EX-10_3240252_EX-10_Affiliate Agreement.txt,Affiliate Agreement,dev
LiquidmetalTechnologiesInc_20200205_8-K_EX-10.1_11968198_EX-10.1_Development Agreement.txt,Development Agreement,dev
LohaCompanyltd_20191209_F-1_EX-10.16_11917878_EX-10.16_Supply Agreement.txt,Supply Agreement,dev
"Loop Industries, Inc. - Marketing Agreement.txt",Marketing Agreement,holdout
MACROGENICSINC_08_02_2013-EX-10-COLLABORATION AGREEMENT.txt,Collaboration Agreement,holdout
"MACY_S,INC_05_11_2020-EX-99.4-JOINT FILING AGREEMENT.txt",Joint Filing Agreement,holdout
MANAKOASERVICESCORP_11_21_2007-EX-7.5-STRATEGIC ALLIANCE AGREEMENT.txt,Strategic Alliance Agreement,dev
MANUFACTURERSSERVICESLTD_06_05_2000-EX-10.14-OUTSOURCING AGREEMENT.txt,Outsourcing Agreement,dev
"MARSHALLHOLDINGSINTERNATIONAL,INC_04_14_2004-EX-10.15-ENDORSEMENT AGREEMENT.txt",Endorsement Agreement,holdout
MARTINMIDSTREAMPARTNERSLP_01_23_2004-EX-10.3-TRANSPORTATION SERVICES AGREEMENT.txt,Transportation Services Agreement,dev
"MEDALISTDIVERSIFIEDREIT,INC_05_18_2020-EX-10.1-CONSULTING AGREEMENT.txt",Consulting Agreement,holdout
MEDIWOUNDLTD_01_15_2014-EX-10.6-SUPPLY AGREEMENT.txt,Supply Agreement,dev
"MEETGROUP,INC_06_29_2017-EX-10.1-COOPERATION AGREEMENT.txt",Cooperation Agreement,dev
MERCATAINC_03_09_2000-EX-10.21-SPONSORSHIP AGREEMENT.txt,Sponsorship Agreement,dev
MERITLIFEINSURANCECO_06_19_2020-EX-10.(XIV)-MASTER SERVICES AGREEMENT.txt,Other,dev
"MFAFINANCIAL,INC_07_06_2020-EX-99.D-JOINT FILING AGREEMENT.txt",Joint Filing Agreement,holdout
"MIDDLEBROOKPHARMACEUTICALS,INC_03_18_2010-EX-10.1-PROMOTION AGREEMENT.txt",Promotion Agreement,holdout
"MJBIOTECH,INC_12_06_2018-EX-99.01-JOINT VENTURE AGREEMENT.txt",Joint Venture Agreement,dev
MOELIS_CO_03_24_2014-EX-10.19-STRATEGIC ALLIANCE AGREEMENT.txt,Strategic Alliance Agreement,dev
MOSSIMOINC_04_14_2000-EX-10.14-ENDORSEMENT AGREEMENT.txt,Endorsement Agreement,holdout
MOVADOGROUPINC_04_30_2003-EX-10.28-ENDORSEMENT AGREEMENT.txt,Endorsement Agreement,dev
MPLXLP_06_17_2015-EX-10.1-TRANSPORTATION SERVICES AGREEMENT.txt,Transportation Services Agreement,dev
MRSFIELDSORIGINALCOOKIESINC_01_29_1998-EX-10-FRANCHISE AGREEMENT.txt,Franchise Agreement,holdout
MSCIINC_02_28_2008-EX-10.10-.txt,Other,dev
MTITECHNOLOGYCORP_11_16_2004-EX-10.102-Reseller Agreement Premier Addendum.txt,Other,dev
"Magenta Therapeutics, Inc. - Master Development and Manufacturing Agreement.txt",Other,dev
"MetLife, Inc. - Remarketing Agreement.txt",Remarketing Agreement,dev
Microgenics Corporation - Collaborative Development and Commercialization Agreement.txt,Other,dev
MidwestEnergyEmissionsCorp_20080604_8-K_EX-10.2_3093976_EX-10.2_Content License Agreement.txt,Content License Agreement,dev
Monsanto Company - SECOND A_R EXCLUSIVE AGENCY AND MARKETING AGREEMENT .txt,Other,dev
MorganStanleyDirectLendingFund_20191119_10-12GA_EX-10.5_11898508_EX-10.5_Trademark License Agreement.txt,Trademark License Agreement,dev
MphaseTechnologiesInc_20030911_10-K_EX-10.15_1560667_EX-10.15_Co-Branding Agreement.txt,Co-Branding Agreement,dev
MusclepharmCorp_20170208_10-KA_EX-10.38_9893581_EX-10.38_Co-Branding Agreement.txt,Co-Branding Agreement,dev
N2KINC_10_16_1997-EX-10.16-SPONSORSHIP AGREEMENT.txt,Sponsorship Agreement,dev
NANOPHASETECHNOLOGIESCORP_11_01_2005-EX-99.1-DISTRIBUTOR AGREEMENT.txt,Distributor Agreement,dev
NATIONALPROCESSINGINC_07_18_1996-EX-10.4-SPONSORSHIP AGREEMENT.txt,Sponsorship Agreement,dev
NELNETINC_04_08_2020-EX-1-JOINT FILING AGREEMENT.txt,Joint Filing Agreement,dev
NEOMEDIATECHNOLOGIESINC_12_15_2005-EX-16.1-DISTRIBUTOR AGREEMENT.txt,Distributor Agreement,dev
NEONSYSTEMSINC_03_01_1999-EX-10.5-DISTRIBUTOR AGREEMENT_Amendment.txt,Amendment,dev
NEONSYSTEMSINC_03_01_1999-EX-10.5-DISTRIBUTOR AGREEMENT_New.txt,Distributor Agreement,dev
"NETGEAR,INC_04_21_2003-EX-10.16- AMENDMENT #2 TO THE DISTRIBUTION AGREEMENT.txt",Other,holdout
"NETGEAR,INC_04_21_2003-EX-10.16-AMENDMENT TO THE DISTRIBUTOR AGREEMENT BETWEEN INGRAM MICRO AND NETGEAR.txt",Other,dev
"NETGEAR,INC_04_21_2003-EX-10.16-DISTRIBUTOR AGREEMENT.txt",Distributor Agreement,dev
NETGROCERINC_07_31_1998-EX-10.15-SPONSORSHIP AGREEMENT.txt,Sponsorship Agreement,dev
NETZEEINC_11_14_2002-EX-10.3-MAINTENANCE AGREEMENT.txt,Maintenance Agreement,holdout
NEXSTARFINANCEHOLDINGSINC_03_27_2002-EX-10.26-OUTSOURCING AGREEMENT.txt,Outsourcing Agreement,dev
NICELTD_06_26_2003-EX-4.5-OUTSOURCING AGREEMENT.txt,Outsourcing Agreement,dev
"NOVOINTEGRATEDSCIENCES,INC_12_23_2019-EX-10.1-JOINT VENTURE AGREEMENT.txt",Joint Venture Agreement,dev
NUVEEN - REMARKETING AGREEMENT.txt,Remarketing Agreement,holdout
NYLIACVARIABLEANNUITYSEPARATEACCOUNTIII_04_10_2020-EX-99.8.KK-SERVICE AGREEMENT.txt,Service Agreement,dev
NakedBrandGroupInc_20150731_POS AM (on S-1)_EX-10.75_9196027_EX-10.75_Endorsement Agreement.txt,Endorsement Agreement,dev
NeoformaInc_19991202_S-1A_EX-10.26_5224521_EX-10.26_Co-Branding Agreement.txt,Co-Branding Agreement,dev
NeuroboPharmaceuticalsInc_20190903_S-4_EX-10.36_11802165_EX-10.36_Manufacturing Agreement_ Supply Agreement.txt,Supply Agreement,dev
NlsPharmaceuticsLtd_20200228_F-1_EX-10.14_12029046_EX-10.14_Development Agreement.txt,Development Agreement,dev
NmfSlfIInc_20200115_10-12GA_EX-10.5_11946987_EX-10.5_Trademark License Agreement.txt,Trademark License Agreement,dev
"OAKTREECAPITALGROUP,LLC_03_02_2020-EX-10.8-Services Agreement.txt",Services Agreement,holdout
"OASYSMOBILE,INC_07_05_2001-EX-10.17-OUTSOURCING AGREEMENT.txt",Outsourcing Agreement,holdout
OFGBANCORP_03_28_2007-EX-10.23-OUTSOURCING AGREEMENT.txt,Outsourcing Agreement,holdout
OLDAPIWIND-DOWNLTD_01_08_2016-EX-1.3-AGENCY AGREEMENT1.txt,Other,dev
OLDAPIWIND-DOWNLTD_01_08_2016-EX-1.3-AGENCY AGREEMENT2.txt,Other,holdout
"OMINTO,INC_03_29_2004-EX-10-RESELLER AGREEMENT.txt",Reseller Agreement,holdout
"ON2TECHNOLOGIES,INC_11_17_2006-EX-10.3-SUPPORT AND MAINTENANCE AGREEMENT.txt",Other,dev
ON4COMMUNICATIONSINC_07_02_2009-EX-10.1-PROMOTION AGREEMENT.txt,Promotion Agreement,dev
"ONEMAINHOLDINGS,INC_02_20_2020-EX-99.D-JOINT FILING AGREEMENT.txt",Joint Filing Agreement,dev
OPERALTD_04_30_2020-EX-4.14-SERVICE AGREEMENT.txt,Service Agreement,holdout
"OPTIMIZEDTRANSPORTATIONMANAGEMENT,INC_07_26_2000-EX-6.6-DISTRIBUTOR AGREEMENT.txt",Distributor Agreement,dev
ORBSATCORP_08_17_2007-EX-7.3-STRATEGIC ALLIANCE AGREEMENT.txt,Strategic Alliance Agreement,holdout
"OTISWORLDWIDECORP_04_03_2020-EX-10.4-INTELLECTUAL PROPERTY AGREEMENT by and among UNITED TECHNOLOGIES CORPORATION, OTIS WORLDWIDE CORPORATION and CARRIER ~1.txt",Other,holdout
PACIFICSYSTEMSCONTROLTECHNOLOGYINC_08_24_2000-EX-10.53-SPONSORSHIP AGREEMENT.txt,Sponsorship Agreement,holdout
"PACIRA PHARMACEUTICALS, INC. - A_R STRATEGIC LICENSING, DISTRIBUTION AND MARKETING AGREEMENT .txt",Other,dev
PANDIONTHERAPEUTICSHOLDCOLLC_05_22_2020-EX-10.17-CONSULTING AGREEMENT.txt,Consulting Agreement,holdout
"PAXMEDICA,INC_07_02_2020-EX-10.12-Master Service Agreement.txt",Other,holdout
PFSFUNDS_06_26_2020-EX-99.H OTH MAT CONT-SERVICES AGREEMENT.txt,Services Agreement,dev
PHLVARIABLEINSURANCECOCT_08_17_2009-EX-10.1-STRATEGIC ALLIANCE AGREEMENT.txt,Strategic Alliance Agreement,dev
"PHREESIA,INC_05_28_2019-EX-10.18-STRATEGIC ALLIANCE AGREEMENT.txt",Strategic Alliance Agreement,dev
PLAYAHOTELS_RESORTSNV_03_14_2017-EX-10.22-STRATEGIC ALLIANCE AGREEMENT (Hyatt Ziva Cancun).txt,Other,dev
"PRECIGEN,INC_01_22_2020-EX-99.1-JOINT FILING AGREEMENT.txt",Joint Filing Agreement,holdout
PREMIERBIOMEDICALINC_05_14_2020-EX-10.2-INTELLECTUAL PROPERTY AGREEMENT.txt,Intellectual Property Agreement,holdout
PRIMEENERGYRESOURCESCORP_04_02_2007-EX-10.28-COMPLETION AND LIQUIDITY MAINTENANCE AGREEMENT.txt,Other,holdout
PROFOUNDMEDICALCORP_08_29_2019-EX-4.5-SUPPLY AGREEMENT.txt,Supply Agreement,holdout
PROLONGINTERNATIONALCORP_03_23_1998-EX-10.16-SPONSORSHIP AGREEMENT.txt,Sponsorship Agreement,dev
PacificapEntertainmentHoldingsInc_20051115_8-KA_EX-1.01_4300894_EX-1.01_Content License Agreement.txt,Content License Agreement,dev
PalmerSquareCapitalBdcInc_20200116_10-12GA_EX-10.6_11949289_EX-10.6_Trademark License Agreement.txt,Trademark License Agreement,dev
PapaJohnsInternationalInc_20190617_8-K_EX-10.1_11707365_EX-10.1_Endorsement Agreement.txt,Endorsement Agreement,dev
PaperexchangeComInc_20000322_S-1A_EX-10.4_5202103_EX-10.4_Co-Branding Agreement.txt,Co-Branding Agreement,dev
ParatekPharmaceuticalsInc_20170505_10-KA_EX-10.29_10323872_EX-10.29_Outsourcing Agreement.txt,Outsourcing Agreement,dev
PareteumCorp_20081001_8-K_EX-99.1_2654808_EX-99.1_Hosting Agreement.txt,Hosting Agreement,dev
PcquoteComInc_19990721_S-1A_EX-10.11_6377149_EX-10.11_Co-Branding Agreement1.txt,Other,holdout
PcquoteComInc_19990721_S-1A_EX-10.11_6377149_EX-10.11_Co-Branding Agreement2.txt,Other,holdout
PcquoteComInc_19990721_S-1A_EX-10.11_6377149_EX-10.11_Co-Branding Agreement3.txt,Other,holdout
PelicanDeliversInc_20200211_S-1_EX-10.3_11975895_EX-10.3_Development Agreement1.txt,Other,dev
PelicanDeliversInc_20200211_S-1_EX-10.3_11975895_EX-10.3_Development Agreement2.txt,Other,dev
PenntexMidstreamPartnersLp_20150416_S-1A_EX-10.4_9042833_EX-10.4_Transportation Agreement.txt,Transportation Agreement,holdout
PerformanceSportsBrandsInc_20110909_S-1_EX-10.10_7220214_EX-10.10_Endorsement Agreement.txt,Endorsement Agreement,dev
PfHospitalityGroupInc_20150923_10-12G_EX-10.1_9266710_EX-10.1_Franchise Agreement1.txt,Franchise Agreement1,dev
PfHospitalityGroupInc_20150923_10-12G_EX-10.1_9266710_EX-10.1_Franchise Agreement3.txt,Franchise Agreement3,dev
PharmagenInc_20120803_8-KA_EX-10.1_7693204_EX-10.1_Endorsement Agreement.txt,Endorsement Agreement,dev
PhasebioPharmaceuticalsInc_20200330_10-K_EX-10.21_12086810_EX-10.21_Development Agreement.txt,Development Agreement,dev
PhoenixNewMediaLtd_20110421_F-1_EX-10.17_6958322_EX-10.17_Content License Agreement.txt,Content License Agreement,dev
PhotronicsInc_20171219_10-QA_EX-10.28_10982650_EX-10.28_Outsourcing Agreement.txt,Outsourcing Agreement,dev
PlayboyEnterprisesInc_20090220_10-QA_EX-10.2_4091580_EX-10.2_Content License Agreement_ Marketing Agreement_ Sales-Purchase Agreement1.txt,Other,dev
PlayboyEnterprisesInc_20090220_10-QA_EX-10.2_4091580_EX-10.2_Content License Agreement_ Marketing Agreement_ Sales-Purchase Agreement2.txt,Other,dev
PrecheckHealthServicesInc_20200320_8-K_EX-99.2_12070169_EX-99.2_Distributor Agreement.txt,Distributor Agreement,holdout
Principal Life Insurance Company - Broker Dealer Marketing and Servicing Agreement.txt,Other,dev
PrudentialBancorpInc_20170606_8-K_EX-10.4_10474434_EX-10.4_Endorsement Agreement.txt,Endorsement Agreement,dev
QBIOMEDINC_04_08_2020-EX-99.1-JOINT FILING AGREEMENT.txt,Joint Filing Agreement,holdout
QIWI_06_16_2017-EX-99.(D)(2)-COOPERATION AGREEMENT.txt,Cooperation Agreement,dev
Quaker Chemical Corporation - NON COMPETITION AND NON SOLICITATION AGREEMENT.txt,Other,dev
QuantumGroupIncFl_20090120_8-K_EX-99.2_3672910_EX-99.2_Hosting Agreement.txt,Hosting Agreement,holdout
REGANHOLDINGCORP_03_31_2008-EX-10-LICENSE AND HOSTING AGREEMENT.txt,License And Hosting Agreement,dev
REWALKROBOTICSLTD_07_10_2014-EX-10.2-STRATEGIC ALLIANCE AGREEMENT.txt,Strategic Alliance Agreement,dev
RISEEDUCATIONCAYMANLTD_04_17_2020-EX-4.23-SERVICE AGREEMENT.txt,Service Agreement,dev
RMRGROUPINC_01_22_2020-EX-99.1-JOINT FILING AGREEMENT.txt,Joint Filing Agreement,dev
"ROCKYMOUNTAINCHOCOLATEFACTORY,INC_12_23_2019-EX-10.2-STRATEGIC ALLIANCE AGREEMENT.txt",Strategic Alliance Agreement,dev
RUBIOSRESTAURANTSINC_03_31_2008-EX-10.75-SPONSORSHIP AGREEMENT.txt,Sponsorship Agreement,holdout
RaeSystemsInc_20001114_10-Q_EX-10.57_2631790_EX-10.57_Co-Branding Agreement.txt,Co-Branding Agreement,dev
RandWorldwideInc_20010402_8-KA_EX-10.2_2102464_EX-10.2_Co-Branding Agreement.txt,Co-Branding Agreement,dev
RangeResourcesLouisianaInc_20150417_8-K_EX-10.5_9045501_EX-10.5_Transportation Agreement.txt,Transportation Agreement,dev
RareElementResourcesLtd_20171019_SC 13D_EX-99.4_10897534_EX-99.4_Intellectual Property Agreement.txt,Intellectual Property Agreement,holdout
ReedsInc_20191113_10-Q_EX-10.4_11888303_EX-10.4_Development Agreement.txt,Development Agreement,dev
"Reinsurance Group of America, Incorporated - A_R REMARKETING  AGREEMENT.txt",Other,dev
RemarkHoldingsInc_20081114_10-Q_EX-10.24_2895649_EX-10.24_Content License Agreement.txt,Content License Agreement,dev
RevolutionMedicinesInc_20200117_S-1_EX-10.1_11948417_EX-10.1_Development Agreement.txt,Development Agreement,holdout
ReynoldsConsumerProductsInc_20191115_S-1_EX-10.18_11896469_EX-10.18_Supply Agreement.txt,Supply Agreement,holdout
ReynoldsConsumerProductsInc_20200121_S-1A_EX-10.22_11948918_EX-10.22_Service Agreement.txt,Service Agreement,dev
RgcResourcesInc_20151216_8-K_EX-10.3_9372751_EX-10.3_Franchise Agreement.txt,Franchise Agreement,dev
RitterPharmaceuticalsInc_20200313_S-4A_EX-10.54_12055220_EX-10.54_Development Agreement.txt,Development Agreement,dev
SANDRIDGEENERGYINC_08_06_2009-EX-10.6-OPERATIONS AND MAINTENANCE AGREEMENT.txt,Operations And Maintenance Agreement,dev
SCOUTCAMINC_05_12_2020-EX-10.22-SERVICES AGREEMENT.txt,Services Agreement,holdout
SEASPINEHOLDINGSCORP_10_10_2018-EX-10.1-SUPPLY AGREEMENT.txt,Supply Agreement,holdout
SECURIANFUNDSTRUST_05_01_2012-EX-99.28.H.9-NET INVESTMENT INCOME MAINTENANCE AGREEMENT.txt,Other,holdout
SENMIAOTECHNOLOGYLTD_02_19_2019-EX-10.5-Collaboration Agreement.txt,Collaboration Agreement,dev
SEPARATEACCOUNTIIOFAGL_05_02_2011-EX-99.(J)(4)-UNCONDITIONAL CAPITAL MAINTENANCE AGREEMENT.txt,Unconditional Capital Maintenance Agreement,dev
SFGFINANCIALCORP_05_12_2009-EX-10.1-SOFTWARE LICENSE AND MAINTENANCE AGREEMENT.txt,Software License And Maintenance Agreement,dev
"SIBANNAC,INC_12_04_2017-EX-2.1-Strategic Alliance Agreement.txt",Strategic Alliance Agreement,dev
SLINGERBAGINC_05_27_2020-EX-10.7-CONSULTING AGREEMENT.txt,Consulting Agreement,dev
SLOVAKWIRELESSFINANCECOBV_03_28_2001-EX-4.(B)(II).3-Maintenance and support contract for SICAP(R) modules.txt,Other,dev
SMITHELECTRICVEHICLESCORP_04_04_2012-EX-10.26-FLEET MAINTENANCE AGREEMENT.txt,Other,dev
"SOLUTIONSVENDINGINTERNATIONAL,INC_03_31_2020-EX1A-1 UNDR AGMT-SERVICES AGREEMENT.txt",Services Agreement,dev
SONUSCORP_03_12_1997-EX-10.11-SPONSORSHIP AGREEMENT.txt,Sponsorship Agreement,dev
SPARKLINGSPRINGWATERHOLDINGSLTD_07_03_2002-EX-10.13-SOFTWARE LICENSE AND MAINTENANCE AGREEMENT.txt,Software License And Maintenance Agreement,dev
SPHERE3DCORP_06_24_2020-EX-10.12-CONSULTING AGREEMENT.txt,Consulting Agreement,dev
"SPIENERGYCO,LTD_03_09_2011-EX-99.5-OPERATIONS AND MAINTENANCE AGREEMENT.txt",Operations And Maintenance Agreement,holdout
"SPIENERGYCO,LTD_07_10_2014-EX-10-Cooperation Agreement of 50MWp Photovoltaic Grid-connected Power Generation Project in Yangqiao of~1.txt",Other,dev
"SPOKHOLDINGS,INC_06_19_2020-EX-10.1-COOPERATION AGREEMENT.txt",Cooperation Agreement,holdout
SPORTHALEYINC_09_29_1997-EX-10.2-10-ENDORSEMENT AGREEMENT.txt,Endorsement Agreement,dev
"SPRINGBANKPHARMACEUTICALS,INC_04_08_2020-EX-99.A-JOINT FILING AGREEMENT.txt",Joint Filing Agreement,dev
STAMPSCOMINC_06_24_1999-EX-10.18-SPONSORSHIP AGREEMENT.txt,Sponsorship Agreement,holdout
STARTECGLOBALCOMMUNICATIONSCORP_11_16_1998-EX-10.30-CONSTRUCTION AND MAINTENANCE AGREEMENT.txt,Construction And Maintenance Agreement,holdout
STWRESOURCESHOLDINGCORP_08_06_2014-EX-10.1-COOPERATION AGREEMENT.txt,Cooperation Agreement,holdout
"SUCAMPOPHARMACEUTICALS,INC_11_04_2015-EX-10.2-STRATEGIC ALLIANCE AGREEMENT.txt",Strategic Alliance Agreement,dev
SUMMAFOURINC_06_19_1998-EX-10.3-SOFTWARE LICENSE AND MAINTENANCE AGREEMENT.txt,Software License And Maintenance Agreement,holdout
SUNTRONCORP_05_17_2006-EX-10.22-MAINTENANCE AGREEMENT.txt,Maintenance Agreement,dev
SYKESHEALTHPLANSERVICESINC_04_24_1998-EX-10.14-OUTSOURCING AGREEMENT.txt,Outsourcing Agreement,dev
SalesforcecomInc_20171122_10-Q_EX-10.1_10961535_EX-10.1_Reseller Agreement.txt,Reseller Agreement,dev
ScansourceInc_20190509_10-Q_EX-10.2_11661422_EX-10.2_Distributor Agreement.txt,Distributor Agreement,holdout
ScansourceInc_20190822_10-K_EX-10.38_11793958_EX-10.38_Distributor Agreement1.txt,Other,dev
ScansourceInc_20190822_10-K_EX-10.38_11793958_EX-10.38_Distributor Agreement2.txt,Other,dev
ScansourceInc_20190822_10-K_EX-10.39_11793959_EX-10.39_Distributor Agreement.txt,Distributor Agreement,dev
SigaTechnologiesInc_20190603_8-K_EX-10.1_11695818_EX-10.1_Promotion Agreement.txt,Promotion Agreement,dev
"SightLife Surgical, Inc. - STRATEGIC SALES _ MARKETING AGREEMENT.txt",Marketing Agreement,dev
SimplicityEsportsGamingCompany_20181130_8-K_EX-10.1_11444071_EX-10.1_Franchise Agreement.txt,Franchise Agreement,dev
SmartRxSystemsInc_20180914_1-A_EX1A-6 MAT CTRCT_11351705_EX1A-6 MAT CTRCT_Distributor Agreement.txt,Distributor Agreement,dev
"Sonos, Inc. - Manufacturing Agreement .txt",Manufacturing Agreement,dev
SoupmanInc_20150814_8-K_EX-10.1_9230148_EX-10.1_Franchise Agreement1.txt,Franchise Agreement1,dev
SoupmanInc_20150814_8-K_EX-10.1_9230148_EX-10.1_Franchise Agreement2.txt,Other,dev
SoupmanInc_20150814_8-K_EX-10.1_9230148_EX-10.1_Franchise Agreement3.txt,Franchise Agreement3,holdout
SoupmanInc_20150814_8-K_EX-10.1_9230148_EX-10.1_Franchise Agreement4.txt,Other,dev
SouthernStarEnergyInc_20051202_SB-2A_EX-9_801890_EX-9_Affiliate Agreement.txt,Affiliate Agreement,holdout
StaarSurgicalCompany_20180801_10-Q_EX-10.37_11289449_EX-10.37_Distributor Agreement.txt,Distributor Agreement,dev
StampscomInc_20001114_10-Q_EX-10.47_2631630_EX-10.47_Co-Branding Agreement.txt,Co-Branding Agreement,dev
SteelVaultCorp_20081224_10-K_EX-10.16_3074935_EX-10.16_Affiliate Agreement.txt,Affiliate Agreement,holdout
TALCOTTRESOLUTIONLIFEINSURANCECO-SEPARATEACCOUNTTWELVE_04_30_2020-EX-99.8(L)-SERVICE AGREEMENT.txt,Service Agreement,dev
"TALLGRASSENERGY,LP_02_20_2020-EX-99.26-JOINT FILING AGREEMENT.txt",Joint Filing Agreement,dev
TEARDROPGOLFCO_10_23_1996-EX-10.12-ENDORSEMENT AGREEMENT.txt,Endorsement Agreement,dev
TELEGLOBEINTERNATIONALHOLDINGSLTD_03_29_2004-EX-10.10-CONSTRUCTION AND MAINTENANCE AGREEMENT.txt,Construction And Maintenance Agreement,dev
TELKOMSALTD_01_30_2003-EX-10-LICENCE AND MAINTENANCE AGREEMENT.txt,Other,holdout
"THERAVANCEBIOPHARMA,INC_05_08_2020-EX-10.2-SERVICE AGREEMENT.txt",Service Agreement,dev
TICKETSCOMINC_06_22_1999-EX-10.22-SPONSORSHIP AGREEMENT.txt,Sponsorship Agreement,dev
TRANSMONTAIGNEPARTNERSLLC_03_13_2020-EX-10.9-SERVICES AGREEMENT.txt,Services Agreement,dev
"TRANSPHORM,INC_02_14_2020-EX-10.12(1)-JOINT VENTURE AGREEMENT.txt",Joint Venture Agreement,dev
TRICITYBANKSHARESCORP_05_15_1998-EX-10-OUTSOURCING AGREEMENT.txt,Outsourcing Agreement,dev
TRIZETTOGROUPINC_08_18_1999-EX-10.17-TECHNICAL INFRASTRUCTURE MAINTENANCE AGREEMENT.txt,Other,dev
TRUENORTHENERGYCORP_02_08_2007-EX-10.1-DEVELOPMENT AGREEMENT.txt,Development Agreement,dev
TUNIUCORP_03_06_2014-EX-10-COOPERATION AGREEMENT.txt,Cooperation Agreement,dev
"TURNKEYCAPITAL,INC_07_20_2017-EX-1.1-Strategic Alliance Agreement.txt",Strategic Alliance Agreement,dev
TcPipelinesLp_20160226_10-K_EX-99.12_9454048_EX-99.12_Transportation Agreement.txt,Transportation Agreement,dev
TheglobeComInc_19990503_S-1A_EX-10.20_5416126_EX-10.20_Co-Branding Agreement.txt,Co-Branding Agreement,dev
ThriventVariableInsuranceAccountB_20190701_N-6_EX-99.D(IV)_11720968_EX-99.D(IV)_Endorsement Agreement.txt,Endorsement Agreement,holdout
TodosMedicalLtd_20190328_20-F_EX-4.10_11587157_EX-4.10_Marketing Agreement_ Reseller Agreement.txt,Reseller Agreement,dev
TomOnlineInc_20060501_20-F_EX-4.46_749700_EX-4.46_Co-Branding Agreement.txt,Co-Branding Agreement,dev
TubeMediaCorp_20060310_8-K_EX-10.1_513921_EX-10.1_Affiliate Agreement.txt,Affiliate Agreement,dev
UAGHINC_04_14_2004-EX-10.18-MAINTENANCE AGREEMENT.txt,Maintenance Agreement,dev
ULTRAGENYXPHARMACEUTICALINC_12_23_2013-EX-10.9-SUPPLY AGREEMENT.txt,Supply Agreement,dev
"UNITEDNATIONALBANCORP_03_03_1999-EX-99-Outsourcing Agreement with the BISYS Group, Inc..txt",Other,holdout
URSCORPNEW_03_17_2014-EX-99-COOPERATION AGREEMENT.txt,Cooperation Agreement,dev
USASYNTHETICFUELCORP_10_21_2010-EX-10.10-STRATEGIC ALLIANCE AGREEMENT.txt,Strategic Alliance Agreement,holdout
UnionDentalHoldingsInc_20050204_8-KA_EX-10_3345577_EX-10_Affiliate Agreement.txt,Affiliate Agreement,dev
UpjohnInc_20200121_10-12G_EX-2.6_11948692_EX-2.6_Manufacturing Agreement_ Supply Agreement.txt,Supply Agreement,dev
UsioInc_20040428_SB-2_EX-10.11_1723988_EX-10.11_Affiliate Agreement 2.txt,Other,dev
VALENCETECHNOLOGYINC_02_14_2003-EX-10-JOINT VENTURE CONTRACT.txt,Other,dev
"VAPOTHERM, INC. - Manufacturing and Supply Agreement.txt",Manufacturing And Supply Agreement,holdout
VARIABLESEPARATEACCOUNT_04_30_2014-EX-13.C-UNCONDITIONAL CAPITAL MAINTENANCE AGREEMENT.txt,Unconditional Capital Maintenance Agreement,dev
"VAXCYTE,INC_05_22_2020-EX-10.19-SUPPLY AGREEMENT.txt",Supply Agreement,dev
"VEONEER,INC_02_21_2020-EX-10.11-JOINT VENTURE AGREEMENT.txt",Joint Venture Agreement,holdout
VERICELCORP_08_06_2019-EX-10.10-SUPPLY AGREEMENT.txt,Supply Agreement,holdout
VERSOTECHNOLOGIESINC_12_28_2007-EX-99.3-INTELLECTUAL PROPERTY AGREEMENT.txt,Intellectual Property Agreement,dev
VERTEXENERGYINC_08_14_2014-EX-10.24-OPERATION AND MAINTENANCE AGREEMENT.txt,Other,dev
VERTICALNETINC_04_01_2002-EX-10.19-MAINTENANCE AND SUPPORT AGREEMENT.txt,Other,dev
VIOLINMEMORYINC_12_12_2012-EX-10.14-SPONSORSHIP AGREEMENT.txt,Sponsorship Agreement,holdout
"VIRGINGALACTICHOLDINGS,INC_04_08_2020-EX-99.1-JOINT FILING STATEMENT.txt",Other,dev
"VIRTUALSCOPICS,INC_11_12_2010-EX-10.1-STRATEGIC ALLIANCE AGREEMENT.txt",Strategic Alliance Agreement,dev
"VISIUMTECHNOLOGIES,INC_10_20_2004-EX-10.20-DISTRIBUTOR AGREEMENT.txt",Distributor Agreement,dev
VITAMINSHOPPECOMINC_09_13_1999-EX-10.26-SPONSORSHIP AGREEMENT.txt,Sponsorship Agreement,dev
"VIVINT SOLAR, INC. - NON-COMPETITION AGREEMENT.txt",Competition Agreement,dev
"VNUE,INC_07_10_2015-EX-10.1-SPONSORSHIP AGREEMENT.txt",Sponsorship Agreement,holdout
VerizonAbsLlc_20200123_8-K_EX-10.4_11952335_EX-10.4_Service Agreement.txt,Service Agreement,dev
VertexEnergyInc_20200113_8-K_EX-10.1_11943624_EX-10.1_Marketing Agreement.txt,Marketing Agreement,dev
VgrabCommunicationsInc_20200129_10-K_EX-10.33_11958828_EX-10.33_Development Agreement.txt,Development Agreement,dev
VirtuosoSurgicalInc_20191227_1-A_EX1A-6 MAT CTRCT_11933379_EX1A-6 MAT CTRCT_License Agreement.txt,License Agreement,dev
VitalibisInc_20180316_8-K_EX-10.2_11100168_EX-10.2_Hosting Agreement.txt,Hosting Agreement,dev
VnueInc_20150914_8-K_EX-10.1_9259571_EX-10.1_Promotion Agreement.txt,Promotion Agreement,dev
WARNERCHILCOTTPLC_12_31_2003-EX-4.36-DEVELOPMENT AGREEMENT.txt,Development Agreement,holdout
WARNINGMANAGEMENTSERVICESINC_12_10_1999-EX-10-ENDORSEMENT AGREEMENT.txt,Endorsement Agreement,dev
"WASTE2ENERGYHOLDINGS,INC_06_03_2010-EX-10.2-STRATEGIC ALLIANCE AGREEMENT.txt",Strategic Alliance Agreement,dev
WEBHELPCOMINC_03_22_2000-EX-10.8-HOSTING AGREEMENT.txt,Hosting Agreement,dev
WELLSFARGOMORTGAGEBACKEDSECURITIES2006-6TRUST_05_11_2006-EX-10.3-Yield Maintenance Agreement.txt,Other,holdout
WESTERN COPPER - NON-COMPETITION AGREEMENT.txt,Competition Agreement,dev
"WHITESMOKE,INC_11_08_2011-EX-10.26-PROMOTION AND DISTRIBUTION AGREEMENT.txt",Other,holdout
WOMENSGOLFUNLIMITEDINC_03_29_2000-EX-10.13-ENDORSEMENT AGREEMENT.txt,Endorsement Agreement,dev
WORLDWIDESTRATEGIESINC_11_02_2005-EX-10-RESELLER AGREEMENT.txt,Reseller Agreement,holdout
WPPPLC_04_30_2020-EX-4.28-SERVICE AGREEMENT.txt,Service Agreement,dev
WatchitMediaInc_20061201_8-K_EX-10.1_4148672_EX-10.1_Content License Agreement.txt,Content License Agreement,dev
WaterNowInc_20191120_10-Q_EX-10.12_11900227_EX-10.12_Distributor Agreement.txt,Distributor Agreement,holdout
WebmdHealthCorp_20050908_S-1A_EX-10.7_1027007_EX-10.7_Content License Agreement.txt,Content License Agreement,holdout
WestPharmaceuticalServicesInc_20200116_8-K_EX-10.1_11947529_EX-10.1_Supply Agreement.txt,Supply Agreement,dev
"XACCT Technologies, Inc.SUPPORT AND MAINTENANCE AGREEMENT.txt",Other,dev
XENCORINC_10_25_2013-EX-10.24-COLLABORATION AGREEMENT (3).txt,Other,holdout
"XLITECHNOLOGIES,INC_12_02_2015-EX-10.02-STRATEGIC ALLIANCE AGREEMENT.txt",Strategic Alliance Agreement,holdout
"XLITECHNOLOGIES,INC_12_11_2015-EX-10.1-Sponsorship Agreement.txt",Sponsorship Agreement,holdout
XYBERNAUTCORP_07_12_2002-EX-4-SPONSORSHIP AGREEMENT.txt,Sponsorship Agreement,dev
XinhuaSportsEntertainmentLtd_20070221_F-1_EX-99.4_645553_EX-99.4_Content License Agreement.txt,Content License Agreement,holdout
XpresspaGroupInc_20190401_10-K_EX-10.28_11599457_EX-10.28_Marketing Agreement.txt,Marketing Agreement,holdout
ZEBRATECHNOLOGIESCORP_04_16_2014-EX-10.1-INTELLECTUAL PROPERTY AGREEMENT.txt,Intellectual Property Agreement,dev
ZONDWINDSYSTEMPARTNERSLTDSERIES85-B_04_03_2006-EX-10-MANAGEMENT AND MAINTENANCE AGREEMENT.txt,Other,dev
ZogenixInc_20190509_10-Q_EX-10.2_11663313_EX-10.2_Distributor Agreement.txt,Distributor Agreement,dev
"Zounds Hearing, Inc. - MANUFACTURING DESIGN MARKETING AGREEMENT.txt",Other,dev
ZtoExpressCaymanInc_20160930_F-1_EX-10.10_9752871_EX-10.10_Transportation Agreement.txt,Transportation Agreement,dev
